<?xml version="1.0" encoding="UTF-8"?>
<project-private xmlns="http://www.netbeans.org/ns/project-private/1">
    <editor-bookmarks xmlns="http://www.netbeans.org/ns/editor-bookmarks/2" lastBookmarkId="0"/>
    <open-files xmlns="http://www.netbeans.org/ns/projectui-open-files/2">
        <group>
            <file>file:/C:/Users/Ricardo/OneDrive/Documentos/NetBeansProjects/Animacion/src/animacion/form1.java</file>
            <file>file:/C:/Users/Ricardo/OneDrive/Documentos/NetBeansProjects/Animacion/src/images1/image_1.jpg</file>
            <file>file:/C:/Users/Ricardo/OneDrive/Documentos/NetBeansProjects/Animacion/src/animacion/animationclass.java</file>
        </group>
    </open-files>
</project-private>
